{
  "project_info": {
    "project_number": "595785595778",
    "project_id": "cafeteria-f4ace",
    "storage_bucket": "cafeteria-f4ace.appspot.com"
  },
  "client": [
    {
      "client_info": {
        "mobilesdk_app_id": "1:595785595778:android:693e76eb6647e45712ed9b",
        "android_client_info": {
          "package_name": "com.example.projetofinalgabrielcardoso"
        }
      },
      "oauth_client": [],
      "api_key": [
        {
          "current_key": "AIzaSyAqHN-XVSAqX5wFmLbAk6OaHOvqFXVWugA"
        }
      ],
      "services": {
        "appinvite_service": {
          "other_platform_oauth_client": []
        }
      }
    }
  ],
  "configuration_version": "1"
}