{
  "project_info": {
    "project_number": "515456429359",
    "project_id": "projeto-firebase-cbba3",
    "storage_bucket": "projeto-firebase-cbba3.appspot.com"
  },

  "client": [
    {
      "client_info": {
        "mobilesdk_app_id": "1:515456429359:android:efb0177db1ae8849e205da",
        "android_client_info": {
          "package_name": "com.cardoso.projetofirebase"
        }
      },
      "oauth_client": [],
      "api_key": [
        {
          "current_key": "AIzaSyAUNr6llbnLgfKihOxHlaR9PUJDrGAlBLI"
        }
      ],
      "services": {
        "appinvite_service": {
          "other_platform_oauth_client": []
        }
      }
    }
  ],
  "configuration_version": "1"
}